page,title,url
https://my.ntu.edu.tw/actregister/actionList.aspx,【114-2 夥伴教師輔導知能講座】,https://my.ntu.edu.tw/actregister/sessionList.aspx?actID=20261324_01
https://my.ntu.edu.tw/actregister/actionList.aspx,NTUHC-115/5/26、27 基本救命術BLS訓練,https://my.ntu.edu.tw/actregister/sessionList.aspx?actID=20261325_05
https://my.ntu.edu.tw/actregister/actionList.aspx,🎁看比賽！拿好禮！【🏆2026 NTU English Digital Storytelling Contest🎤】,https://my.ntu.edu.tw/actregister/sessionList.aspx?actID=2026M100_02
https://my.ntu.edu.tw/actregister/actionList.aspx,2分鐘，抱回1萬元!?🏆2026 NTU English Digital Storytelling Contest🎤等你來參賽！,https://my.ntu.edu.tw/actregister/sessionList.aspx?actID=2026M100_03
https://my.ntu.edu.tw/actregister/actionList.aspx,NTUHC-健康一把罩:癌症篩檢知多少,https://my.ntu.edu.tw/actregister/sessionList.aspx?actID=20261325_06
https://my.ntu.edu.tw/actregister/actionList.aspx,諾貝爾獎得主演講系列 – 宋恭源先生頂尖研究講座 – Prof. Joachim Frank (2017年諾貝爾化學獎得主),https://my.ntu.edu.tw/actregister/sessionList.aspx?actID=20253700_14
https://my.ntu.edu.tw/actregister/actionList.aspx,2026年Turnitin原創性比對系統教育訓練「系所承辦人」,https://my.ntu.edu.tw/actregister/sessionList.aspx?actID=20261923_03
https://my.ntu.edu.tw/actregister/actionList.aspx,圖書館Master講堂「啟發思維，拓展視野」,https://my.ntu.edu.tw/actregister/sessionList.aspx?actID=20261923_02
https://my.ntu.edu.tw/actregister/actionList.aspx,🎬《歡迎來到北車大客廳》紀錄片放映暨映後座談,https://my.ntu.edu.tw/actregister/sessionList.aspx?actID=2026K600_01
https://my.ntu.edu.tw/actregister/actionList.aspx,NTUHC-尼古丁成癮的詭計：抽菸，沒你想的那麼簡單,https://my.ntu.edu.tw/actregister/sessionList.aspx?actID=20261325_08
https://my.ntu.edu.tw/actregister/actionList.aspx,NTUHC-115/4/28、29 基本救命術BLS訓練,https://my.ntu.edu.tw/actregister/sessionList.aspx?actID=20261325_04
https://my.ntu.edu.tw/actregister/actionList.aspx,【講座】淺談 AI 世代的學術工具：從文獻回顧到分析撰寫,https://my.ntu.edu.tw/actregister/sessionList.aspx?actID=20261911_03
https://my.ntu.edu.tw/actregister/actionList.aspx,114-2 FLTC 英語學習講座,https://my.ntu.edu.tw/actregister/sessionList.aspx?actID=20265161_04
https://my.ntu.edu.tw/actregister/actionList.aspx,【CARDO】0425_職引未來 x AI賦能啟航(職業工坊),https://my.ntu.edu.tw/actregister/sessionList.aspx?actID=20265791_06
https://my.ntu.edu.tw/actregister/actionList.aspx,✨免費英語口說練習🔦CBE English Corner｜雙語教育中心英語小聚,https://my.ntu.edu.tw/actregister/sessionList.aspx?actID=2026M100_05
https://my.ntu.edu.tw/actregister/actionList.aspx,誠摯邀請老師、助教參與 4.24(五) & 5.22(五) 作業批改工具 Gradescope 教育訓練,https://my.ntu.edu.tw/actregister/sessionList.aspx?actID=20261211_03
https://my.ntu.edu.tw/actregister/actionList.aspx,【壓力不累積，睡眠更安穩】現代人的日常養生之道講座,https://my.ntu.edu.tw/actregister/sessionList.aspx?actID=2026K200_01
https://my.ntu.edu.tw/actregister/actionList.aspx,拓展視野、挑戰未來— 115院學士申請說明會,https://my.ntu.edu.tw/actregister/sessionList.aspx?actID=20261200_01
https://my.ntu.edu.tw/actregister/actionList.aspx,全校資產盤點、風險評鑑與處理教育訓練時數總計教育訓練課程,https://my.ntu.edu.tw/actregister/sessionList.aspx?actID=20262201_02
https://my.ntu.edu.tw/actregister/actionList.aspx,🔐解鎖你的跨域實踐力- 115學年度校學士申請說明會,https://my.ntu.edu.tw/actregister/sessionList.aspx?actID=20263752_01
https://my.ntu.edu.tw/actregister/actionList.aspx,【2026職涯培訓工作坊】求職全攻略：從神級履歷到模擬面試，一次搞定！,https://my.ntu.edu.tw/actregister/sessionList.aspx?actID=20261304_06
https://my.ntu.edu.tw/actregister/actionList.aspx,【活動】導讀紐約時報,https://my.ntu.edu.tw/actregister/sessionList.aspx?actID=20261911_02
https://my.ntu.edu.tw/actregister/actionList.aspx,⭐️【社科院第八屆-學生生涯職涯講座系列】~歡迎各院系所之學生報名參加~⭐️,https://my.ntu.edu.tw/actregister/sessionList.aspx?actID=20265300_01
https://my.ntu.edu.tw/actregister/actionList.aspx,國立臺灣大學職工聯誼會　民國115年　會員大會,https://my.ntu.edu.tw/actregister/sessionList.aspx?actID=2026E500_02
https://my.ntu.edu.tw/actregister/actionList.aspx,公開演講：從神經多樣性觀點談學生精神健康,https://my.ntu.edu.tw/actregister/sessionList.aspx?actID=20261324_03
https://my.ntu.edu.tw/actregister/actionList.aspx,【學習規劃辦公室】發掘那道光：學習規劃的技與藝,https://my.ntu.edu.tw/actregister/sessionList.aspx?actID=20261232_02
https://my.ntu.edu.tw/actregister/actionList.aspx,115年資通安全概論,https://my.ntu.edu.tw/actregister/sessionList.aspx?actID=20262204_02
https://my.ntu.edu.tw/actregister/actionList.aspx,公文系統操作宣導系列課程(線上及實體),https://my.ntu.edu.tw/actregister/sessionList.aspx?actID=20261401_01
https://my.ntu.edu.tw/actregister/actionList.aspx,Craft & Chat 英語創意手作咖,https://my.ntu.edu.tw/actregister/sessionList.aspx?actID=2026M100_04
https://my.ntu.edu.tw/actregister/actionList.aspx,AI 助攻：論文寫作、學術溝通與思考力再進化,https://my.ntu.edu.tw/actregister/sessionList.aspx?actID=20261260_01
https://my.ntu.edu.tw/actregister/actionList.aspx,No.282 文學院音樂會〈聲動的原創與跨界〉,https://my.ntu.edu.tw/actregister/sessionList.aspx?actID=20265100_02
https://my.ntu.edu.tw/actregister/actionList.aspx,✨職涯中心ｘ中央社✍️講座：印度土耳其現場與我的特派員養成,https://my.ntu.edu.tw/actregister/sessionList.aspx?actID=20261304_05
https://my.ntu.edu.tw/actregister/actionList.aspx,【2025 Openbook】好書線上導讀講座,https://my.ntu.edu.tw/actregister/sessionList.aspx?actID=20261907_01
https://my.ntu.edu.tw/actregister/actionList.aspx,"Writing Together, Stronger than Ever !",https://my.ntu.edu.tw/actregister/sessionList.aspx?actID=20261260_02
https://my.ntu.edu.tw/actregister/actionList.aspx,心理季講座《春‧人際軟實力》114-2心輔中心心理健康促進講座,https://my.ntu.edu.tw/actregister/sessionList.aspx?actID=20261324_02
https://my.ntu.edu.tw/actregister/actionList.aspx,114-2 外語教學暨資源中心 「趣玩桌遊」(Board Game Fun),https://my.ntu.edu.tw/actregister/sessionList.aspx?actID=20265161_05
https://my.ntu.edu.tw/actregister/actionList.aspx,🎖️CBE x Fulbright 英語溝通表達俱樂部（Academic and Career English Club）工作坊🎖️,https://my.ntu.edu.tw/actregister/sessionList.aspx?actID=2026M100_01
https://my.ntu.edu.tw/actregister/actionList.aspx,【活動】情境英語口說工作坊 Real-Life Scenarios in English Speaking: Workshop and Practicum,https://my.ntu.edu.tw/actregister/sessionList.aspx?actID=20261911_01
https://my.ntu.edu.tw/actregister/actionList.aspx,▟ ▛ 2026臺灣引路人計畫 - 企業說明會 ▜ ▙,https://my.ntu.edu.tw/actregister/sessionList.aspx?actID=20261304_04
https://my.ntu.edu.tw/actregister/actionList.aspx,外國語文學系學生圓桌論壇,https://my.ntu.edu.tw/actregister/sessionList.aspx?actID=20265102_01
https://my.ntu.edu.tw/actregister/actionList.aspx,【CARDO】114-2 職涯講堂,https://my.ntu.edu.tw/actregister/sessionList.aspx?actID=20265791_03
https://my.ntu.edu.tw/actregister/actionList.aspx,【CARDO】114-2 TIP 企業實習計畫說明會,https://my.ntu.edu.tw/actregister/sessionList.aspx?actID=20265791_02
https://my.ntu.edu.tw/actregister/actionList.aspx,英語口說強化工作坊,https://my.ntu.edu.tw/actregister/sessionList.aspx?actID=20265161_02
https://my.ntu.edu.tw/actregister/actionList.aspx,【VISION 2026臺大校園徵才】系列公司說明會,https://my.ntu.edu.tw/actregister/sessionList.aspx?actID=20261304_01
https://my.ntu.edu.tw/actregister/actionList.aspx,圖書館HELP講堂「從容學習，游刃有餘」(114學年度下學期),https://my.ntu.edu.tw/actregister/sessionList.aspx?actID=20261923_01
https://my.ntu.edu.tw/actregister/actionList.aspx,NTUHC-2026保健中心增肌減脂班,https://my.ntu.edu.tw/actregister/sessionList.aspx?actID=20261325_02
https://my.ntu.edu.tw/actregister/actionList.aspx,Chatterbox Cafe 話匣子英語口說練習坊,https://my.ntu.edu.tw/actregister/sessionList.aspx?actID=2025M100_04
https://my.ntu.edu.tw/actregister/actionList.aspx,實驗動物資源中心使用者教育訓練,https://my.ntu.edu.tw/actregister/sessionList.aspx?actID=2017K800_01
https://my.ntu.edu.tw/actregister/actionList.aspx,圖資系研究生交流工作坊(限圖資系所師生參加),https://my.ntu.edu.tw/actregister/sessionList.aspx?actID=20115106_03
https://my.ntu.edu.tw/actregister/actionList.aspx,圖資系系主任時間（限本系所學生參加）,https://my.ntu.edu.tw/actregister/sessionList.aspx?actID=20115106_02
https://my.ntu.edu.tw/actregister/expiredActionList.aspx?year=2026,【CARDO】114-2 職業工坊,https://my.ntu.edu.tw/actregister/sessionList.aspx?actID=20265791_04
https://my.ntu.edu.tw/actregister/expiredActionList.aspx?year=2026,114學年度校園馬拉松賽,https://my.ntu.edu.tw/actregister/sessionList.aspx?actID=20253704_24
https://my.ntu.edu.tw/actregister/expiredActionList.aspx?year=2026,【VISION 2026臺大校園徵才】 公司參訪系列,https://my.ntu.edu.tw/actregister/sessionList.aspx?actID=20261304_02
https://my.ntu.edu.tw/actregister/expiredActionList.aspx?year=2026,【線上講座】學習規劃幕後公式揭密｜3/26 與臺大一起解析學習規劃制度,https://my.ntu.edu.tw/actregister/sessionList.aspx?actID=20261232_01
https://my.ntu.edu.tw/actregister/expiredActionList.aspx?year=2026,2026職業衛生講座(三)：婦科疾病安心指南：職場及生活預防,https://my.ntu.edu.tw/actregister/sessionList.aspx?actID=20262400_03
https://my.ntu.edu.tw/actregister/expiredActionList.aspx?year=2026,NTUHC-115/3/24、25 基本救命術BLS訓練,https://my.ntu.edu.tw/actregister/sessionList.aspx?actID=20261325_03
https://my.ntu.edu.tw/actregister/expiredActionList.aspx?year=2026,【共同教育中心 - 通識專題講座】加拿大皇家學會院士 Prof. Imre Szeman -「Why Do the Energy Humanities Matter Now?」,https://my.ntu.edu.tw/actregister/sessionList.aspx?actID=20263700_03
https://my.ntu.edu.tw/actregister/expiredActionList.aspx?year=2026,臺大四防齊心系列—防詐、反霸、反毒（交安已另擇日舉辦）法治教育研習（供午餐）,https://my.ntu.edu.tw/actregister/sessionList.aspx?actID=20261303_02
https://my.ntu.edu.tw/actregister/expiredActionList.aspx?year=2026,"文學院【共作文明新趨勢專題講座】Green Dreams, or, Why Technology Can't Save the World",https://my.ntu.edu.tw/actregister/sessionList.aspx?actID=20265100_01
https://my.ntu.edu.tw/actregister/expiredActionList.aspx?year=2026,百瑞精鼎(Parexel) 2026職涯發展徵才說明會,https://my.ntu.edu.tw/actregister/sessionList.aspx?actID=2026C100_01
https://my.ntu.edu.tw/actregister/expiredActionList.aspx?year=2026,⚖️2026 研究生精進計畫⚖️,https://my.ntu.edu.tw/actregister/sessionList.aspx?actID=20261211_01
https://my.ntu.edu.tw/actregister/expiredActionList.aspx?year=2026,僑陸生輔導實務交流工作坊 Overseas Compatriot and Mainland Chinese Student Counseling Practice Exchange Workshop,https://my.ntu.edu.tw/actregister/sessionList.aspx?actID=20261305_01
https://my.ntu.edu.tw/actregister/expiredActionList.aspx?year=2026,「115年度第一次學生交通安全宣導」(暨鐵馬週自行車『免費』健檢活動)《宣導當日提供限量餐盒》,https://my.ntu.edu.tw/actregister/sessionList.aspx?actID=20261303_01
https://my.ntu.edu.tw/actregister/expiredActionList.aspx?year=2026,「資通系統與物聯網設備及大陸廠牌資通訊產品盤點作業說明」教育訓練,https://my.ntu.edu.tw/actregister/sessionList.aspx?actID=20262201_01
https://my.ntu.edu.tw/actregister/expiredActionList.aspx?year=2026,NTUHC-網紅世代 X 性教育《網路說的都是真的嗎？破解短影音時代的大學生性教育迷思》,https://my.ntu.edu.tw/actregister/sessionList.aspx?actID=20261325_01
https://my.ntu.edu.tw/actregister/expiredActionList.aspx?year=2026,115年社交工程演練教育訓練,https://my.ntu.edu.tw/actregister/sessionList.aspx?actID=20262204_01
https://my.ntu.edu.tw/actregister/expiredActionList.aspx?year=2026,外教中心 電影導讀與欣賞 🎬,https://my.ntu.edu.tw/actregister/sessionList.aspx?actID=20265161_01
https://my.ntu.edu.tw/actregister/expiredActionList.aspx?year=2026,臺大文康會(職工分會) 健康知性講座,https://my.ntu.edu.tw/actregister/sessionList.aspx?actID=2026E500_01
https://my.ntu.edu.tw/actregister/expiredActionList.aspx?year=2026,【免費健康諮詢門診】－115年3月服務時間,https://my.ntu.edu.tw/actregister/sessionList.aspx?actID=20262400_02
https://my.ntu.edu.tw/actregister/expiredActionList.aspx?year=2026,【VISION 2026臺大校園徵才】跨學院主題論壇,https://my.ntu.edu.tw/actregister/sessionList.aspx?actID=20261304_03
https://my.ntu.edu.tw/actregister/expiredActionList.aspx?year=2026,臺大椰林講座領航系列 - 中央研究院廖俊智院長,https://my.ntu.edu.tw/actregister/sessionList.aspx?actID=20263700_02
https://my.ntu.edu.tw/actregister/expiredActionList.aspx?year=2026,114-2 FLTC 英語小聚,https://my.ntu.edu.tw/actregister/sessionList.aspx?actID=20265161_03
https://my.ntu.edu.tw/actregister/expiredActionList.aspx?year=2026,實驗動物繼續教育訓練,https://my.ntu.edu.tw/actregister/sessionList.aspx?actID=2026F400_01
https://my.ntu.edu.tw/actregister/expiredActionList.aspx?year=2026,【學輔活動】來囉來囉～文學院專屬職涯日！2026年3月5日！上車囉！,https://my.ntu.edu.tw/actregister/sessionList.aspx?actID=20261326_01
https://my.ntu.edu.tw/actregister/expiredActionList.aspx?year=2026,2026職業衛生講座(二)：健康老化不失智：失智症預防與支持資源介紹,https://my.ntu.edu.tw/actregister/sessionList.aspx?actID=20262400_01
https://my.ntu.edu.tw/actregister/expiredActionList.aspx?year=2026,【CARDO】114-2 職涯高飛,https://my.ntu.edu.tw/actregister/sessionList.aspx?actID=20265791_05
https://my.ntu.edu.tw/actregister/expiredActionList.aspx?year=2026,跨域Combo！半導體跨域學習計畫說明會,https://my.ntu.edu.tw/actregister/sessionList.aspx?actID=20263700_01
https://my.ntu.edu.tw/actregister/expiredActionList.aspx?year=2026,諾貝爾獎得主演講系列 – 宋恭源先生頂尖研究講座 – Prof. May-Britt Moser (2014年諾貝爾生理醫學獎得主),https://my.ntu.edu.tw/actregister/sessionList.aspx?actID=20253700_13
https://my.ntu.edu.tw/actregister/expiredActionList.aspx?year=2026,諾貝爾獎得主演講系列 – 宋恭源先生頂尖研究講座 – Prof. Morten P. Meldal (2022年諾貝爾化學獎得主),https://my.ntu.edu.tw/actregister/sessionList.aspx?actID=20253700_12
https://my.ntu.edu.tw/actregister/expiredActionList.aspx?year=2026,2026【給教職員工的藝文通識課】,https://my.ntu.edu.tw/actregister/sessionList.aspx?actID=2026A900_01
https://my.ntu.edu.tw/actregister/expiredActionList.aspx?year=2026,工作職場法律及職業傷病面面觀（實體講座）,https://my.ntu.edu.tw/actregister/sessionList.aspx?actID=20252400_14
https://my.ntu.edu.tw/actregister/expiredActionList.aspx?year=2026,2026職業衛生講座(一)：熟齡健康關鍵時刻:帶狀疱疹(皮蛇)預防指南《當日參與實體講座提供餐盒》,https://my.ntu.edu.tw/actregister/sessionList.aspx?actID=20252400_13
https://my.ntu.edu.tw/actregister/expiredActionList.aspx?year=2026,"國際事務人員培訓_跨文化有效溝通、國際學生／學人簽證、報部、法規修法、獎學金與註冊實務說明 Visas, MOE Reporting, Regulation Updates, Scholarships and Enrollment Practices for Inte...",https://my.ntu.edu.tw/actregister/sessionList.aspx?actID=20251700_06
https://my.ntu.edu.tw/actregister/expiredActionList.aspx?year=2026,諾貝爾獎得主演講系列 – 宋恭源先生頂尖研究講座 – Prof. Donna Strickland (2018年諾貝爾物理學獎得主),https://my.ntu.edu.tw/actregister/sessionList.aspx?actID=20253700_11
https://my.ntu.edu.tw/actregister/expiredActionList.aspx?year=2025,跨域Combo！校學士申請x半導體跨域學習計畫說明會,https://my.ntu.edu.tw/actregister/sessionList.aspx?actID=20253752_02
https://my.ntu.edu.tw/actregister/expiredActionList.aspx?year=2025,114年傅斯年講座演講：中文系曹淑娟教授、社會系藍佩嘉教授,https://my.ntu.edu.tw/actregister/sessionList.aspx?actID=20251100_03
https://my.ntu.edu.tw/actregister/expiredActionList.aspx?year=2025,產學合作工作坊-學生海報展,https://my.ntu.edu.tw/actregister/sessionList.aspx?actID=20253707_02
https://my.ntu.edu.tw/actregister/expiredActionList.aspx?year=2025,臺大USR計畫【超高齡社會幸福學】活動：2025聖誕派對《愛上我的金色年華》,https://my.ntu.edu.tw/actregister/sessionList.aspx?actID=20255310_01
https://my.ntu.edu.tw/actregister/expiredActionList.aspx?year=2025,諾貝爾獎得主演講系列 – 宋恭源先生頂尖研究講座 – Prof. Eric S. Maskin (2007年諾貝爾經濟學獎得主),https://my.ntu.edu.tw/actregister/sessionList.aspx?actID=20253700_09
https://my.ntu.edu.tw/actregister/expiredActionList.aspx?year=2025,No.281 文學院音樂會「恆河到伊江之聲 Sounds from Ganges to Irrawaddy」,https://my.ntu.edu.tw/actregister/sessionList.aspx?actID=20255100_13
https://my.ntu.edu.tw/actregister/expiredActionList.aspx?year=2025,臺大椰林講座領航系列 - 圖靈獎得主Dr. Robert Endre Tarjan,https://my.ntu.edu.tw/actregister/sessionList.aspx?actID=20253700_10
https://my.ntu.edu.tw/actregister/expiredActionList.aspx?year=2025,🎬看比賽拿好禮🎤【2025 第四屆臺大英語創意配音比賽🎖️】,https://my.ntu.edu.tw/actregister/sessionList.aspx?actID=2025M100_06
https://my.ntu.edu.tw/actregister/expiredActionList.aspx?year=2025,【114-1 夥伴教師輔導知能講座】,https://my.ntu.edu.tw/actregister/sessionList.aspx?actID=20251324_04
https://my.ntu.edu.tw/actregister/expiredActionList.aspx?year=2025,【工學博物館】《造山者－世紀的賭注》觀影暨映後座談會活動,https://my.ntu.edu.tw/actregister/sessionList.aspx?actID=20255502_01
https://my.ntu.edu.tw/actregister/expiredActionList.aspx?year=2025,114年度校總區用電及消防安全講習,https://my.ntu.edu.tw/actregister/sessionList.aspx?actID=20251405_01
https://my.ntu.edu.tw/actregister/expiredActionList.aspx?year=2025,英語口說強化工作坊,https://my.ntu.edu.tw/actregister/sessionList.aspx?actID=20255161_09
https://my.ntu.edu.tw/actregister/expiredActionList.aspx?year=2025,114年11月28日(五)「九價子宮頸疫苗」實體與線上衛教講座,https://my.ntu.edu.tw/actregister/sessionList.aspx?actID=20251325_26
https://my.ntu.edu.tw/actregister/expiredActionList.aspx?year=2025,114-1 學務處校園安全中心X校園霸凌防制委員會心理健康促進系列活動（總校區）,https://my.ntu.edu.tw/actregister/sessionList.aspx?actID=2025N100_04
https://my.ntu.edu.tw/actregister/expiredActionList.aspx?year=2025,管理學院 EMI 課程教學分享：大學部課程,https://my.ntu.edu.tw/actregister/sessionList.aspx?actID=20255785_01
https://my.ntu.edu.tw/actregister/expiredActionList.aspx?year=2025,2025職業衛生講座(九)：逆流而上：胃食道逆流的預防、檢查,https://my.ntu.edu.tw/actregister/sessionList.aspx?actID=20252400_11
https://my.ntu.edu.tw/actregister/expiredActionList.aspx?year=2025,114/11/26、27 基本救命術BLS訓練,https://my.ntu.edu.tw/actregister/sessionList.aspx?actID=20251325_15
https://my.ntu.edu.tw/actregister/expiredActionList.aspx?year=2025,114年11月25日(二)「認識肺結核」實體和線上衛教講座,https://my.ntu.edu.tw/actregister/sessionList.aspx?actID=20251325_25
https://my.ntu.edu.tw/actregister/expiredActionList.aspx?year=2025,114年「電子郵件社交工程演練」教育訓練,https://my.ntu.edu.tw/actregister/sessionList.aspx?actID=20252204_07
https://my.ntu.edu.tw/actregister/expiredActionList.aspx?year=2025,20251124_肺癌篩檢與治療新趨勢,https://my.ntu.edu.tw/actregister/sessionList.aspx?actID=2025E500_08
https://my.ntu.edu.tw/actregister/expiredActionList.aspx?year=2025,114年度緊急應變教育訓練暨急救人員再教育講習,https://my.ntu.edu.tw/actregister/sessionList.aspx?actID=20252400_10
https://my.ntu.edu.tw/actregister/expiredActionList.aspx?year=2025,114學年度 (76屆) 全校運動會田徑賽--團體競賽 (大隊接力、拔河),https://my.ntu.edu.tw/actregister/sessionList.aspx?actID=20253704_04
https://my.ntu.edu.tw/actregister/expiredActionList.aspx?year=2025,114學年度 (76屆) 全校運動會田徑賽--趣味競賽,https://my.ntu.edu.tw/actregister/sessionList.aspx?actID=20253704_05
https://my.ntu.edu.tw/actregister/expiredActionList.aspx?year=2025,114學年度 (76屆) 全校運動會田徑賽-女學生組,https://my.ntu.edu.tw/actregister/sessionList.aspx?actID=20253704_06
https://my.ntu.edu.tw/actregister/expiredActionList.aspx?year=2025,114學年度 (76屆) 全校運動會田徑賽-男學生組,https://my.ntu.edu.tw/actregister/sessionList.aspx?actID=20253704_02
https://my.ntu.edu.tw/actregister/expiredActionList.aspx?year=2025,114學年度 (76屆) 全校運動會田徑賽-校友暨臺大之友組,https://my.ntu.edu.tw/actregister/sessionList.aspx?actID=20253704_18
https://my.ntu.edu.tw/actregister/expiredActionList.aspx?year=2025,114學年度 (76屆) 全校運動會田徑賽--四人接力賽,https://my.ntu.edu.tw/actregister/sessionList.aspx?actID=20253704_03
https://my.ntu.edu.tw/actregister/expiredActionList.aspx?year=2025,114學年度 (76屆) 全校運動會田徑賽-教職員工甲組,https://my.ntu.edu.tw/actregister/sessionList.aspx?actID=20253704_19
https://my.ntu.edu.tw/actregister/expiredActionList.aspx?year=2025,114學年度 (76屆) 全校運動會田徑賽-教職員工乙組,https://my.ntu.edu.tw/actregister/sessionList.aspx?actID=20253704_20
https://my.ntu.edu.tw/actregister/expiredActionList.aspx?year=2025,114學年度 (76屆) 全校運動會田徑賽-教職員工丙組,https://my.ntu.edu.tw/actregister/sessionList.aspx?actID=20253704_21
https://my.ntu.edu.tw/actregister/expiredActionList.aspx?year=2025,114-1 FLTC Book Fair: 逛書展，拿好書！,https://my.ntu.edu.tw/actregister/sessionList.aspx?actID=20255161_12
https://my.ntu.edu.tw/actregister/expiredActionList.aspx?year=2025,【活動】學術英文講座系列：學術英文寫作攻略！,https://my.ntu.edu.tw/actregister/sessionList.aspx?actID=20251911_04
https://my.ntu.edu.tw/actregister/expiredActionList.aspx?year=2025,越南文系列講座—聽見東南亞的新故事，感受文化交流的力量,https://my.ntu.edu.tw/actregister/sessionList.aspx?actID=20255161_10
https://my.ntu.edu.tw/actregister/expiredActionList.aspx?year=2025,【職涯中心】赴美攻略Get | 看懂美國產業人才趨勢&留學政策！,https://my.ntu.edu.tw/actregister/sessionList.aspx?actID=20251304_12
https://my.ntu.edu.tw/actregister/expiredActionList.aspx?year=2025,文化產業的職涯想像,https://my.ntu.edu.tw/actregister/sessionList.aspx?actID=20255100_12
https://my.ntu.edu.tw/actregister/expiredActionList.aspx?year=2025,114-1 FLTC 英語小聚,https://my.ntu.edu.tw/actregister/sessionList.aspx?actID=20255161_11
https://my.ntu.edu.tw/actregister/expiredActionList.aspx?year=2025,【114-1學輔中心】學輔中心 X 心輔中心資教 『 從迷惘到可能：生涯小聚 』 工作坊,https://my.ntu.edu.tw/actregister/sessionList.aspx?actID=20251326_05
https://my.ntu.edu.tw/actregister/expiredActionList.aspx?year=2025,114年11月18日(二)「牙齒保健」衛教講座,https://my.ntu.edu.tw/actregister/sessionList.aspx?actID=20251325_22
https://my.ntu.edu.tw/actregister/expiredActionList.aspx?year=2025,114年校慶園遊會活動,https://my.ntu.edu.tw/actregister/sessionList.aspx?actID=20251302_01
https://my.ntu.edu.tw/actregister/expiredActionList.aspx?year=2025,臺灣大學光電工程學研究所-115學年度教師研究領域介紹說明會,https://my.ntu.edu.tw/actregister/sessionList.aspx?actID=20255923_02
https://my.ntu.edu.tw/actregister/expiredActionList.aspx?year=2025,No.280 文學院音樂會「秋日六弦：Saudade之苦甜回甘」,https://my.ntu.edu.tw/actregister/sessionList.aspx?actID=20255100_11
https://my.ntu.edu.tw/actregister/expiredActionList.aspx?year=2025,114-1 外語教學暨資源中心 「趣玩桌遊」(Board Game Fun),https://my.ntu.edu.tw/actregister/sessionList.aspx?actID=20255161_08
https://my.ntu.edu.tw/actregister/expiredActionList.aspx?year=2025,114年11月13日(四) 「療癒葉拓抱枕及萬用袋植感手作」活動(學生場次),https://my.ntu.edu.tw/actregister/sessionList.aspx?actID=20251325_28
https://my.ntu.edu.tw/actregister/expiredActionList.aspx?year=2025,「114年度第二次學生交通安全宣導」(暨鐵馬週自行車『免費』健檢活動)《宣導當日提供限量餐盒》,https://my.ntu.edu.tw/actregister/sessionList.aspx?actID=20251303_03
https://my.ntu.edu.tw/actregister/expiredActionList.aspx?year=2025,外教中心英語學習講座 TELL Talks,https://my.ntu.edu.tw/actregister/sessionList.aspx?actID=20255161_07
https://my.ntu.edu.tw/actregister/expiredActionList.aspx?year=2025,114年11月12日(三) 「療癒葉拓抱枕及萬用袋植感手作」活動(教職員場次),https://my.ntu.edu.tw/actregister/sessionList.aspx?actID=20251325_27
https://my.ntu.edu.tw/actregister/expiredActionList.aspx?year=2025,114-1【學術倫理講座 Academic Ethics Lecture】,https://my.ntu.edu.tw/actregister/sessionList.aspx?actID=20253700_08
https://my.ntu.edu.tw/actregister/expiredActionList.aspx?year=2025,宋恭源先生頂尖研究講座 – 諾貝爾獎得主演講系列暨臺灣橋樑計畫開幕式,https://my.ntu.edu.tw/actregister/sessionList.aspx?actID=20253700_07
https://my.ntu.edu.tw/actregister/expiredActionList.aspx?year=2025,檔案標卡創意應用手作活動,https://my.ntu.edu.tw/actregister/sessionList.aspx?actID=20251401_04
https://my.ntu.edu.tw/actregister/expiredActionList.aspx?year=2025,2025 CGE Higher Education Forum,https://my.ntu.edu.tw/actregister/sessionList.aspx?actID=20253707_01
https://my.ntu.edu.tw/actregister/expiredActionList.aspx?year=2025,臺大慶祝創校97年校慶暨文康推行委員會113年度績優分會頒獎典禮,https://my.ntu.edu.tw/actregister/sessionList.aspx?actID=2025E500_06
https://my.ntu.edu.tw/actregister/expiredActionList.aspx?year=2025,泰國文化與經貿系列工作坊,https://my.ntu.edu.tw/actregister/sessionList.aspx?actID=20255161_06
https://my.ntu.edu.tw/actregister/expiredActionList.aspx?year=2025,114年11月5日「Eye遊臺大百年校園．Eye護眼行動」衛教校園導覽活動,https://my.ntu.edu.tw/actregister/sessionList.aspx?actID=20251325_24
https://my.ntu.edu.tw/actregister/expiredActionList.aspx?year=2025,【傑出校友講座】系列,https://my.ntu.edu.tw/actregister/sessionList.aspx?actID=20251181_03
https://my.ntu.edu.tw/actregister/expiredActionList.aspx?year=2025,【活動】情境英語口說工作坊 Real-Life Scenarios in English Speaking: Workshop and Practicum,https://my.ntu.edu.tw/actregister/sessionList.aspx?actID=20251911_05
https://my.ntu.edu.tw/actregister/expiredActionList.aspx?year=2025,114年農業數位學堂系列課程（六）熱烈開放報名囉！,https://my.ntu.edu.tw/actregister/sessionList.aspx?actID=20255612_02
https://my.ntu.edu.tw/actregister/expiredActionList.aspx?year=2025,校慶壁球體驗嘉年華,https://my.ntu.edu.tw/actregister/sessionList.aspx?actID=2025E500_07
https://my.ntu.edu.tw/actregister/expiredActionList.aspx?year=2025,(場地異動)【我的學思歷程】系列演講 -中央研究院臧振華院士「荒野尋史：我的考古歷程」,https://my.ntu.edu.tw/actregister/sessionList.aspx?actID=20253700_06
https://my.ntu.edu.tw/actregister/expiredActionList.aspx?year=2025,114年10月30日(四)「挑戰聰明選食，健康好體態」衛教講座（實體及線上）,https://my.ntu.edu.tw/actregister/sessionList.aspx?actID=20251325_23
https://my.ntu.edu.tw/actregister/expiredActionList.aspx?year=2025,114年10月29日(三)、10月30日(四)癌症健康篩檢活動(請選擇29日或30日、勿重複報名),https://my.ntu.edu.tw/actregister/sessionList.aspx?actID=20251325_18
https://my.ntu.edu.tw/actregister/expiredActionList.aspx?year=2025,114/10/29、30 基本救命術BLS訓練,https://my.ntu.edu.tw/actregister/sessionList.aspx?actID=20251325_14
https://my.ntu.edu.tw/actregister/expiredActionList.aspx?year=2025,114年10月23日、12月3日舉辦愛滋、性病及性別平等相關認知實體與線上講座,https://my.ntu.edu.tw/actregister/sessionList.aspx?actID=20251325_20
https://my.ntu.edu.tw/actregister/expiredActionList.aspx?year=2025,2025年財務管理處募款及捐款作業流程工作坊(二),https://my.ntu.edu.tw/actregister/sessionList.aspx?actID=20251800_01
https://my.ntu.edu.tw/actregister/expiredActionList.aspx?year=2025,【臺大防災士培訓課程】,https://my.ntu.edu.tw/actregister/sessionList.aspx?actID=2025B500_01
https://my.ntu.edu.tw/actregister/expiredActionList.aspx?year=2025,114學年度 (76屆) 全校運動會游泳賽-男教職員工校友乙組,https://my.ntu.edu.tw/actregister/sessionList.aspx?actID=20253704_10
https://my.ntu.edu.tw/actregister/expiredActionList.aspx?year=2025,114學年度 (76屆) 全校運動會游泳賽-男教職員工校友丙組,https://my.ntu.edu.tw/actregister/sessionList.aspx?actID=20253704_11
https://my.ntu.edu.tw/actregister/expiredActionList.aspx?year=2025,114學年度 (76屆) 全校運動會游泳賽-趣味競賽,https://my.ntu.edu.tw/actregister/sessionList.aspx?actID=20253704_17
https://my.ntu.edu.tw/actregister/expiredActionList.aspx?year=2025,114學年度 (76屆) 全校運動會游泳賽-女教職員工校友甲組,https://my.ntu.edu.tw/actregister/sessionList.aspx?actID=20253704_12
https://my.ntu.edu.tw/actregister/expiredActionList.aspx?year=2025,114學年度 (76屆) 全校運動會游泳賽-女學生組,https://my.ntu.edu.tw/actregister/sessionList.aspx?actID=20253704_08
https://my.ntu.edu.tw/actregister/expiredActionList.aspx?year=2025,114學年度 (76屆) 全校運動會游泳賽-男學生組,https://my.ntu.edu.tw/actregister/sessionList.aspx?actID=20253704_07
https://my.ntu.edu.tw/actregister/expiredActionList.aspx?year=2025,114學年度 (76屆) 全校運動會游泳賽-女教職員工校友長青組,https://my.ntu.edu.tw/actregister/sessionList.aspx?actID=20253704_23
https://my.ntu.edu.tw/actregister/expiredActionList.aspx?year=2025,114學年度 (76屆) 全校運動會游泳賽-男教職員工校友甲組,https://my.ntu.edu.tw/actregister/sessionList.aspx?actID=20253704_09
https://my.ntu.edu.tw/actregister/expiredActionList.aspx?year=2025,114學年度 (76屆) 全校運動會游泳賽-女教職員工校友乙組,https://my.ntu.edu.tw/actregister/sessionList.aspx?actID=20253704_13
https://my.ntu.edu.tw/actregister/expiredActionList.aspx?year=2025,114學年度 (76屆) 全校運動會游泳賽-男教職員工校友長青組,https://my.ntu.edu.tw/actregister/sessionList.aspx?actID=20253704_22
https://my.ntu.edu.tw/actregister/expiredActionList.aspx?year=2025,114學年度 (76屆) 全校運動會游泳賽-女教職員工校友丙組,https://my.ntu.edu.tw/actregister/sessionList.aspx?actID=20253704_14
https://my.ntu.edu.tw/actregister/expiredActionList.aspx?year=2025,114學年度 (76屆) 全校運動會游泳賽-男女學生4*50公尺自由式接力,https://my.ntu.edu.tw/actregister/sessionList.aspx?actID=20253704_15
https://my.ntu.edu.tw/actregister/expiredActionList.aspx?year=2025,114學年度 (76屆) 全校運動會游泳賽-400公尺大隊接力,https://my.ntu.edu.tw/actregister/sessionList.aspx?actID=20253704_16
https://my.ntu.edu.tw/actregister/expiredActionList.aspx?year=2025,2025 跨領域職涯分享會：臺灣引路人計畫 x 臺大人職場手冊,https://my.ntu.edu.tw/actregister/sessionList.aspx?actID=20251304_11
https://my.ntu.edu.tw/actregister/expiredActionList.aspx?year=2025,國際事務人員培訓_國際合作與訪賓接待暨跨文化溝通工作坊 International Collaboration and Cross cultural communication,https://my.ntu.edu.tw/actregister/sessionList.aspx?actID=20251700_05
https://my.ntu.edu.tw/actregister/expiredActionList.aspx?year=2025,2025年職員圖書館之旅,https://my.ntu.edu.tw/actregister/sessionList.aspx?actID=20251907_07
https://my.ntu.edu.tw/actregister/expiredActionList.aspx?year=2025,嘉年華闖關樂：玩出你的簡報表達力,https://my.ntu.edu.tw/actregister/sessionList.aspx?actID=20251260_04
https://my.ntu.edu.tw/actregister/expiredActionList.aspx?year=2025,114年10月9日（四）「消滅病媒蚊，戰勝登革熱」衛教講座(線上),https://my.ntu.edu.tw/actregister/sessionList.aspx?actID=20251325_19
https://my.ntu.edu.tw/actregister/expiredActionList.aspx?year=2025,【共作文明新趨勢文化講座】(二)——藝術展覽的當今體驗與敘事：以舊金山亞洲藝術博物館的實踐為例,https://my.ntu.edu.tw/actregister/sessionList.aspx?actID=20255100_10
https://my.ntu.edu.tw/actregister/expiredActionList.aspx?year=2025,【114-1學輔中心】文學院X管理學院『找到自己的療癒法陣』學輔蠟燭手作工作坊,https://my.ntu.edu.tw/actregister/sessionList.aspx?actID=20251326_04
https://my.ntu.edu.tw/actregister/expiredActionList.aspx?year=2025,【共作文明新趨勢文化講座】(一)——舉世無雙、獨步天下：商代小臣艅犀牛形青銅尊的多元研究和展陳,https://my.ntu.edu.tw/actregister/sessionList.aspx?actID=20255100_09
https://my.ntu.edu.tw/actregister/expiredActionList.aspx?year=2025,【CARDO】114-1 職業工坊,https://my.ntu.edu.tw/actregister/sessionList.aspx?actID=20255791_09
https://my.ntu.edu.tw/actregister/expiredActionList.aspx?year=2025,打破標籤，守護自己——探索性別暴力刻板印象與自我保護,https://my.ntu.edu.tw/actregister/sessionList.aspx?actID=2025B700_01
https://my.ntu.edu.tw/actregister/expiredActionList.aspx?year=2025,"Writing Together, Stronger than Ever !",https://my.ntu.edu.tw/actregister/sessionList.aspx?actID=20251260_05
https://my.ntu.edu.tw/actregister/expiredActionList.aspx?year=2025,公文系統操作宣導系列課程(線上及實體),https://my.ntu.edu.tw/actregister/sessionList.aspx?actID=20251401_03
https://my.ntu.edu.tw/actregister/expiredActionList.aspx?year=2025,【CARDO】114-1 TIP企業實習計畫說明會,https://my.ntu.edu.tw/actregister/sessionList.aspx?actID=20255791_07
https://my.ntu.edu.tw/actregister/expiredActionList.aspx?year=2025,Fulbright 系列工作坊,https://my.ntu.edu.tw/actregister/sessionList.aspx?actID=2025M100_05
https://my.ntu.edu.tw/actregister/expiredActionList.aspx?year=2025,2025社會科學院圖書館之旅,https://my.ntu.edu.tw/actregister/sessionList.aspx?actID=20251911_03
https://my.ntu.edu.tw/actregister/expiredActionList.aspx?year=2025,114年9月25日（四）癌症篩檢說明會（實體及線上）,https://my.ntu.edu.tw/actregister/sessionList.aspx?actID=20251325_17
https://my.ntu.edu.tw/actregister/expiredActionList.aspx?year=2025,114/9/24、25 基本救命術BLS訓練,https://my.ntu.edu.tw/actregister/sessionList.aspx?actID=20251325_21
https://my.ntu.edu.tw/actregister/expiredActionList.aspx?year=2025,心理季講座《秋‧理心行事曆》114-1心輔中心心理健康促進講座,https://my.ntu.edu.tw/actregister/sessionList.aspx?actID=20251324_03
https://my.ntu.edu.tw/actregister/expiredActionList.aspx?year=2025,【課程】社科院圖書館資料庫講習 (114學年度上學期),https://my.ntu.edu.tw/actregister/sessionList.aspx?actID=20251911_06
https://my.ntu.edu.tw/actregister/expiredActionList.aspx?year=2025,114年9月19(五)「20價肺炎鏈球菌疫苗」實體及線上衛教講座,https://my.ntu.edu.tw/actregister/sessionList.aspx?actID=20251325_16
https://my.ntu.edu.tw/actregister/expiredActionList.aspx?year=2025,【CARDO】114-1 職涯講堂,https://my.ntu.edu.tw/actregister/sessionList.aspx?actID=20255791_08
https://my.ntu.edu.tw/actregister/expiredActionList.aspx?year=2025,【CARDO】114-1 職涯高飛,https://my.ntu.edu.tw/actregister/sessionList.aspx?actID=20255791_05
https://my.ntu.edu.tw/actregister/expiredActionList.aspx?year=2025,114年度主計室經費報支說明會,https://my.ntu.edu.tw/actregister/sessionList.aspx?actID=20252005_01
https://my.ntu.edu.tw/actregister/expiredActionList.aspx?year=2025,【開啟幸福與智慧課程】：台大福智讀書會說明餐會,https://my.ntu.edu.tw/actregister/sessionList.aspx?actID=2025K200_02
https://my.ntu.edu.tw/actregister/expiredActionList.aspx?year=2025,委外安全管理教育訓練,https://my.ntu.edu.tw/actregister/sessionList.aspx?actID=20252201_03
https://my.ntu.edu.tw/actregister/expiredActionList.aspx?year=2025,寫作雙核心：硬底子知識搭AI外掛,https://my.ntu.edu.tw/actregister/sessionList.aspx?actID=20251260_03
https://my.ntu.edu.tw/actregister/expiredActionList.aspx?year=2025,2025職業衛生講座(八)：職場工作危害與母性健康,https://my.ntu.edu.tw/actregister/sessionList.aspx?actID=20252400_09
https://my.ntu.edu.tw/actregister/expiredActionList.aspx?year=2025,【CARDO】114-1 TCP學員招募說明會暨基礎課程,https://my.ntu.edu.tw/actregister/sessionList.aspx?actID=20255791_06
https://my.ntu.edu.tw/actregister/expiredActionList.aspx?year=2025,圖書館HELP講堂「全知學習．研力升級」(114學年度上學期),https://my.ntu.edu.tw/actregister/sessionList.aspx?actID=20251923_03
https://my.ntu.edu.tw/actregister/expiredActionList.aspx?year=2025,114-1 學務處校園安全中心X校園霸凌防制委員會心理健康促進系列活動（城中校區）,https://my.ntu.edu.tw/actregister/sessionList.aspx?actID=2025N100_03
https://my.ntu.edu.tw/actregister/expiredActionList.aspx?year=2025,圖書館2025全人關懷服務方案：閱讀輕旅行--線上好書分享會,https://my.ntu.edu.tw/actregister/sessionList.aspx?actID=20251907_08
https://my.ntu.edu.tw/actregister/expiredActionList.aspx?year=2025,採購契約訂定及履約管理,https://my.ntu.edu.tw/actregister/sessionList.aspx?actID=20251406_03
https://my.ntu.edu.tw/actregister/expiredActionList.aspx?year=2025,114年度防護團常年訓練課程,https://my.ntu.edu.tw/actregister/sessionList.aspx?actID=20251303_02
https://my.ntu.edu.tw/actregister/expiredActionList.aspx?year=2025,2025年教師圖書館之旅,https://my.ntu.edu.tw/actregister/sessionList.aspx?actID=20251907_04
https://my.ntu.edu.tw/actregister/expiredActionList.aspx?year=2025,2025年大學生圖書館之旅,https://my.ntu.edu.tw/actregister/sessionList.aspx?actID=20251907_05
https://my.ntu.edu.tw/actregister/expiredActionList.aspx?year=2025,2025年研究生圖書館之旅,https://my.ntu.edu.tw/actregister/sessionList.aspx?actID=20251907_06
https://my.ntu.edu.tw/actregister/expiredActionList.aspx?year=2025,114年度職場性騷擾防治暨場所主人防治責任教育訓練,https://my.ntu.edu.tw/actregister/sessionList.aspx?actID=20252102_05
https://my.ntu.edu.tw/actregister/expiredActionList.aspx?year=2025,114年度教職員工職場健康工作坊-酒精墨水藝術體驗課,https://my.ntu.edu.tw/actregister/sessionList.aspx?actID=20252102_04
https://my.ntu.edu.tw/actregister/expiredActionList.aspx?year=2025,1140802新竹台積新創館寶山水庫一日遊,https://my.ntu.edu.tw/actregister/sessionList.aspx?actID=2025E500_04
https://my.ntu.edu.tw/actregister/expiredActionList.aspx?year=2025,2025職業衛生講座(七)：什麼是職場霸凌？遇到職場霸凌怎麼辦？,https://my.ntu.edu.tw/actregister/sessionList.aspx?actID=20252400_08
https://my.ntu.edu.tw/actregister/expiredActionList.aspx?year=2025,2025職業衛生講座(六)：建立原子習慣，讓生活與工作更順利,https://my.ntu.edu.tw/actregister/sessionList.aspx?actID=20252400_07
https://my.ntu.edu.tw/actregister/expiredActionList.aspx?year=2025,114年網路與資安技術研討會,https://my.ntu.edu.tw/actregister/sessionList.aspx?actID=20252204_06
https://my.ntu.edu.tw/actregister/expiredActionList.aspx?year=2025,資安事件惡意程式分析及應變處理,https://my.ntu.edu.tw/actregister/sessionList.aspx?actID=20252204_05
https://my.ntu.edu.tw/actregister/expiredActionList.aspx?year=2025,2025【給教職員工的藝文通識課】,https://my.ntu.edu.tw/actregister/sessionList.aspx?actID=2025A900_01
https://my.ntu.edu.tw/actregister/expiredActionList.aspx?year=2025,資訊安全通識概論與內部稽核課程,https://my.ntu.edu.tw/actregister/sessionList.aspx?actID=20252201_02
https://my.ntu.edu.tw/actregister/expiredActionList.aspx?year=2025,"國際事務人員培訓_國際生跨文化、簽證及獎學金知能工作坊 International Student and Scholar Visa, Scholarship and Cross-cultural Communication Skill Workshop",https://my.ntu.edu.tw/actregister/sessionList.aspx?actID=20251700_04
https://my.ntu.edu.tw/actregister/expiredActionList.aspx?year=2025,113-2【學術倫理講座 Academic Ethics Lecture】,https://my.ntu.edu.tw/actregister/sessionList.aspx?actID=20253700_05
https://my.ntu.edu.tw/actregister/expiredActionList.aspx?year=2025,2025職業衛生講座(五)：從人因觀點探討下背痛預防：職場健康促進實務,https://my.ntu.edu.tw/actregister/sessionList.aspx?actID=20252400_06
https://my.ntu.edu.tw/actregister/expiredActionList.aspx?year=2025,114年度教職員工職場健康研習2場次,https://my.ntu.edu.tw/actregister/sessionList.aspx?actID=20252102_03
https://my.ntu.edu.tw/actregister/expiredActionList.aspx?year=2025,114年度資通安全管理法暨本校個資盤點系統課程研習。,https://my.ntu.edu.tw/actregister/sessionList.aspx?actID=20252102_02
https://my.ntu.edu.tw/actregister/expiredActionList.aspx?year=2025,跨領域實習–臺灣引路人計畫 | 職涯培訓工作坊🚀Reset Yourself！職場新手村的心態更新檔,https://my.ntu.edu.tw/actregister/sessionList.aspx?actID=20251304_10
https://my.ntu.edu.tw/actregister/expiredActionList.aspx?year=2025,2025職業衛生講座(四)：『好好說話怎麼這麼難：有效的主管與同仁溝通術』,https://my.ntu.edu.tw/actregister/sessionList.aspx?actID=20252400_05
https://my.ntu.edu.tw/actregister/expiredActionList.aspx?year=2025,114年度「資通盤點系統」教育訓練,https://my.ntu.edu.tw/actregister/sessionList.aspx?actID=20252201_01
https://my.ntu.edu.tw/actregister/expiredActionList.aspx?year=2025,IoT 物聯網安全實務與風險防範,https://my.ntu.edu.tw/actregister/sessionList.aspx?actID=20252204_03
https://my.ntu.edu.tw/actregister/expiredActionList.aspx?year=2025,【精準醫學研究中心】114年 第19屆「暑期研習營-說明會」報名開跑！,https://my.ntu.edu.tw/actregister/sessionList.aspx?actID=2025F700_01
https://my.ntu.edu.tw/actregister/expiredActionList.aspx?year=2025,113-2 學務處校園安全中心X校園霸凌防制委員會心理健康促進系列活動（教職員工場次）,https://my.ntu.edu.tw/actregister/sessionList.aspx?actID=2025N100_02
https://my.ntu.edu.tw/actregister/expiredActionList.aspx?year=2025,臺大文康會(職工分會.退聯分會)及秘書室合辦醫學演講會,https://my.ntu.edu.tw/actregister/sessionList.aspx?actID=2025E500_05
https://my.ntu.edu.tw/actregister/expiredActionList.aspx?year=2025,🎬《綿延的生命－Lucie的人生探索》紀錄片放映暨映後座談（活動附輕食🥖，前60位報到者可領取）,https://my.ntu.edu.tw/actregister/sessionList.aspx?actID=2025K600_02
https://my.ntu.edu.tw/actregister/expiredActionList.aspx?year=2025,114年5月28日(星期三)『愛滋與性教育新視野：尊重與平權』線上衛教講座,https://my.ntu.edu.tw/actregister/sessionList.aspx?actID=20251325_10
https://my.ntu.edu.tw/actregister/expiredActionList.aspx?year=2025,教育部對臺灣大學資安攻防演練作業線上說明會,https://my.ntu.edu.tw/actregister/sessionList.aspx?actID=20252204_04
https://my.ntu.edu.tw/actregister/expiredActionList.aspx?year=2025,美國傅爾布萊特學生及學者獎助金說明會,https://my.ntu.edu.tw/actregister/sessionList.aspx?actID=20251700_02
https://my.ntu.edu.tw/actregister/expiredActionList.aspx?year=2025,114/5/26、27 『基本救命術BLS』訓練,https://my.ntu.edu.tw/actregister/sessionList.aspx?actID=20251325_03
https://my.ntu.edu.tw/actregister/expiredActionList.aspx?year=2025,2025 春季工作坊 跨文化溝通 2025 Spring workshop of Comeffective Cross-Culturalcommunication,https://my.ntu.edu.tw/actregister/sessionList.aspx?actID=20251700_03
https://my.ntu.edu.tw/actregister/expiredActionList.aspx?year=2025,【113-2 夥伴教師輔導知能講座】,https://my.ntu.edu.tw/actregister/sessionList.aspx?actID=20251324_01
https://my.ntu.edu.tw/actregister/expiredActionList.aspx?year=2025,114年5月21日(三)12:20-13:20「心靈fun輕鬆之紓壓植感手作」活動,https://my.ntu.edu.tw/actregister/sessionList.aspx?actID=20251325_11
https://my.ntu.edu.tw/actregister/expiredActionList.aspx?year=2025,【時代對話系列四】紅樓夢研究的新視野,https://my.ntu.edu.tw/actregister/sessionList.aspx?actID=2025B100_05
https://my.ntu.edu.tw/actregister/expiredActionList.aspx?year=2025,2025職業衛生講座(三)：母性保護-淺談環境賀爾蒙對人類健康的影響 (以戴奧辛與全氟烷基化合物為例)線上講座,https://my.ntu.edu.tw/actregister/sessionList.aspx?actID=20252400_04
https://my.ntu.edu.tw/actregister/expiredActionList.aspx?year=2025,【高峰論壇十四】The Post-Western Now: Moving Beyond Western-Centrism,https://my.ntu.edu.tw/actregister/sessionList.aspx?actID=2025B100_04
https://my.ntu.edu.tw/actregister/expiredActionList.aspx?year=2025,【臺灣大學中英文網站製作平台】-教育訓練,https://my.ntu.edu.tw/actregister/sessionList.aspx?actID=20252202_01
https://my.ntu.edu.tw/actregister/expiredActionList.aspx?year=2025,114年5月14日(星期三)、5月15日(星期四)13:30- 16:00與台大醫院共同舉辦「癌症健康篩檢活動」,https://my.ntu.edu.tw/actregister/sessionList.aspx?actID=20251325_09
https://my.ntu.edu.tw/actregister/expiredActionList.aspx?year=2025,🎮職涯分享暨人才趨勢講座🕹️「在遊戲外，說故事」— 用多元藝術開啟你的跨域職涯多重宇宙： 暴雪動畫副總裁 STEVEN CHEN,https://my.ntu.edu.tw/actregister/sessionList.aspx?actID=20251304_09
https://my.ntu.edu.tw/actregister/expiredActionList.aspx?year=2025,⭐️ 0513-17「職場必勝穿搭:訂製西裝的混搭技巧與攻略」⭐️【社科院第七屆-學生生涯職涯系列講座】,https://my.ntu.edu.tw/actregister/sessionList.aspx?actID=20255300_02
https://my.ntu.edu.tw/actregister/expiredActionList.aspx?year=2025,「吃對了，腦不累！」從飲食開始的健腦生活術|環安衛中心《講座當日提供午餐》,https://my.ntu.edu.tw/actregister/sessionList.aspx?actID=20252400_03
https://my.ntu.edu.tw/actregister/expiredActionList.aspx?year=2025,文學院師生共同活動,https://my.ntu.edu.tw/actregister/sessionList.aspx?actID=20255106_01
https://my.ntu.edu.tw/actregister/expiredActionList.aspx?year=2025,臺大椰林講座領航系列 - 中央研究院賀端華院士,https://my.ntu.edu.tw/actregister/sessionList.aspx?actID=20253700_02
https://my.ntu.edu.tw/actregister/expiredActionList.aspx?year=2025,Sing it Right! 2.0 英語歌詞接龍比賽 English Lyrics Contest,https://my.ntu.edu.tw/actregister/sessionList.aspx?actID=20255161_05
https://my.ntu.edu.tw/actregister/expiredActionList.aspx?year=2025,正念解壓縮－腦科學專家的生活覺察課,https://my.ntu.edu.tw/actregister/sessionList.aspx?actID=2025K200_01
https://my.ntu.edu.tw/actregister/expiredActionList.aspx?year=2025,【臺大文學院共作文明新趨勢學術講座】—— Comparative Sound-Systems,https://my.ntu.edu.tw/actregister/sessionList.aspx?actID=20255100_06
https://my.ntu.edu.tw/actregister/expiredActionList.aspx?year=2025,114年綠色採購教育訓練(線上課程),https://my.ntu.edu.tw/actregister/sessionList.aspx?actID=20251406_02
https://my.ntu.edu.tw/actregister/expiredActionList.aspx?year=2025,微軟M365 Copilot研習上機實作課程,https://my.ntu.edu.tw/actregister/sessionList.aspx?actID=20252203_01
https://my.ntu.edu.tw/actregister/expiredActionList.aspx?year=2025,多元農業科技論壇,https://my.ntu.edu.tw/actregister/sessionList.aspx?actID=20255612_01
https://my.ntu.edu.tw/actregister/expiredActionList.aspx?year=2025,📢開箱創新設計學院D-School ，史丹佛課程在 D-School也能學到，最強跨領域資源一次掌握，帶你「嬴」向未來！,https://my.ntu.edu.tw/actregister/sessionList.aspx?actID=2025K600_01
https://my.ntu.edu.tw/actregister/expiredActionList.aspx?year=2025,2025年Turnitin原創性比對系統教育訓練,https://my.ntu.edu.tw/actregister/sessionList.aspx?actID=20251923_02
https://my.ntu.edu.tw/actregister/expiredActionList.aspx?year=2025,▟ ▛ 2025「跨領域實習 - 臺灣引路人計畫」企業說明會 (5月份) ▜ ▙,https://my.ntu.edu.tw/actregister/sessionList.aspx?actID=20251304_08
https://my.ntu.edu.tw/actregister/expiredActionList.aspx?year=2025,【我的學思歷程】系列演講 - 臺大傑出校友敏盛醫療體系楊敏盛總裁,https://my.ntu.edu.tw/actregister/sessionList.aspx?actID=20253700_03
https://my.ntu.edu.tw/actregister/expiredActionList.aspx?year=2025,學務處114年新進人員教育訓練課程(限學務處同仁參加),https://my.ntu.edu.tw/actregister/sessionList.aspx?actID=20251300_01
https://my.ntu.edu.tw/actregister/expiredActionList.aspx?year=2025,114/4/29、30『基本救命術BLS』訓練,https://my.ntu.edu.tw/actregister/sessionList.aspx?actID=20251325_02
https://my.ntu.edu.tw/actregister/expiredActionList.aspx?year=2025,【尖端講座系列】第四十五場「Literary Studies Between Universalism and Apocalypse」,https://my.ntu.edu.tw/actregister/sessionList.aspx?actID=2025B100_03
https://my.ntu.edu.tw/actregister/expiredActionList.aspx?year=2025,【研究倫理講座】114年度國立臺灣大學暨北區聯盟研究倫理教育訓練,https://my.ntu.edu.tw/actregister/sessionList.aspx?actID=20251508_02
https://my.ntu.edu.tw/actregister/expiredActionList.aspx?year=2025,國際事務培訓講座-國際合作合約締結與書信談判技巧International Agreements and Strategic Email Negotiation &amp;amp;amp;amp; Contract Review Skills,https://my.ntu.edu.tw/actregister/sessionList.aspx?actID=20251700_01
https://my.ntu.edu.tw/actregister/expiredActionList.aspx?year=2025,【臺大文學院跨領域論壇：AI之二】——我們可以從深度學習之前的人工智慧學到什麼？,https://my.ntu.edu.tw/actregister/sessionList.aspx?actID=20255100_04
https://my.ntu.edu.tw/actregister/expiredActionList.aspx?year=2025,公文系統操作宣導系列課程(含線上及實體),https://my.ntu.edu.tw/actregister/sessionList.aspx?actID=20251401_02
https://my.ntu.edu.tw/actregister/expiredActionList.aspx?year=2025,與領導有約系列講座｜領導業師瞿志豪（矽谷橡子園創投台灣合夥人）、李聖珉（CTPS Lab創辦人）來開講！,https://my.ntu.edu.tw/actregister/sessionList.aspx?actID=2025K602_01
https://my.ntu.edu.tw/actregister/expiredActionList.aspx?year=2025,🔐解鎖你的跨域實踐力- 114學年度校學士申請說明會,https://my.ntu.edu.tw/actregister/sessionList.aspx?actID=20253752_01
https://my.ntu.edu.tw/actregister/expiredActionList.aspx?year=2025,🔗 跨域鏈結，創建未來！✨ 2025 創新領域學士學位學程招生說明會 | 報名中✨,https://my.ntu.edu.tw/actregister/sessionList.aspx?actID=2025K603_01
https://my.ntu.edu.tw/actregister/expiredActionList.aspx?year=2025,No. 277 文學院音樂會 「和の風、言の葉の調べ」,https://my.ntu.edu.tw/actregister/sessionList.aspx?actID=20255100_08
https://my.ntu.edu.tw/actregister/expiredActionList.aspx?year=2025,演講報名通知_如何防範詐騙_20250425,https://my.ntu.edu.tw/actregister/sessionList.aspx?actID=2025E500_03
https://my.ntu.edu.tw/actregister/expiredActionList.aspx?year=2025,學生職業生涯發展中心【職涯培訓工作坊】,https://my.ntu.edu.tw/actregister/sessionList.aspx?actID=20251304_04
https://my.ntu.edu.tw/actregister/expiredActionList.aspx?year=2025,【113-2學輔成長團體】學而「實習｣之? 管院同學 Coffee Chat !,https://my.ntu.edu.tw/actregister/sessionList.aspx?actID=20251326_03
https://my.ntu.edu.tw/actregister/expiredActionList.aspx?year=2025,【臺大文學院共作文明新趨勢學術講座】—— 想像做為知識獲取之術,https://my.ntu.edu.tw/actregister/sessionList.aspx?actID=20255100_05
https://my.ntu.edu.tw/actregister/expiredActionList.aspx?year=2025,圖書館Master講堂「MASTER探索，開啟智慧之窗」,https://my.ntu.edu.tw/actregister/sessionList.aspx?actID=20251923_01
https://my.ntu.edu.tw/actregister/expiredActionList.aspx?year=2025,AI浪潮下的創業藍圖：產官學的多維對話,https://my.ntu.edu.tw/actregister/sessionList.aspx?actID=2025K601_01
https://my.ntu.edu.tw/actregister/expiredActionList.aspx?year=2025,【尖端講座系列】第四十四場「Sphinx的真心？生成式人工智慧的認知中心化與數位加速主義風險」,https://my.ntu.edu.tw/actregister/sessionList.aspx?actID=2025B100_02
https://my.ntu.edu.tw/actregister/expiredActionList.aspx?year=2025,✨職涯中心ｘ中央社✍️講座：正規新聞不傳統 老媒體如何面對AI新世代,https://my.ntu.edu.tw/actregister/sessionList.aspx?actID=20251304_07
https://my.ntu.edu.tw/actregister/expiredActionList.aspx?year=2025,外教中心英語學習講座 TELL Talks,https://my.ntu.edu.tw/actregister/sessionList.aspx?actID=20255161_04
https://my.ntu.edu.tw/actregister/expiredActionList.aspx?year=2025,尚有名額，開放現場報名【113-2學輔講座】他們太「卷」了吧！「內卷」中我要怎麼活？,https://my.ntu.edu.tw/actregister/sessionList.aspx?actID=20251326_02
https://my.ntu.edu.tw/actregister/expiredActionList.aspx?year=2025,114年4月22日(星期二)12：20-13：10健康篩檢說明會(實體和線上),https://my.ntu.edu.tw/actregister/sessionList.aspx?actID=20251325_08
https://my.ntu.edu.tw/actregister/expiredActionList.aspx?year=2025,▟ ▛ 2025「跨領域實習 - 臺灣引路人計畫」企業參訪 - 英業達 ▜ ▙,https://my.ntu.edu.tw/actregister/sessionList.aspx?actID=20251304_06
https://my.ntu.edu.tw/actregister/expiredActionList.aspx?year=2025,No. 276 文學院音樂會 「巴西音樂午間漫遊」,https://my.ntu.edu.tw/actregister/sessionList.aspx?actID=20255100_07
https://my.ntu.edu.tw/actregister/expiredActionList.aspx?year=2025,國立臺灣大學職工聯誼會第34屆全體會員大會,https://my.ntu.edu.tw/actregister/sessionList.aspx?actID=2025E500_02
https://my.ntu.edu.tw/actregister/expiredActionList.aspx?year=2025,⭐️職涯增能系列講座⭐️,https://my.ntu.edu.tw/actregister/sessionList.aspx?actID=20251211_02
https://my.ntu.edu.tw/actregister/expiredActionList.aspx?year=2025,2025職業衛生講座(二)：工作會傷「心」：異常工作負荷與腦心血管疾病預防 線上講座,https://my.ntu.edu.tw/actregister/sessionList.aspx?actID=20252400_02
https://my.ntu.edu.tw/actregister/expiredActionList.aspx?year=2025,2025 NTU Talks 以學生為中心的學習實驗 — 跨文化視野 Student-Centered Learning Experiments: A Cross-Cultural Perspective,https://my.ntu.edu.tw/actregister/sessionList.aspx?actID=2025M100_02
https://my.ntu.edu.tw/actregister/expiredActionList.aspx?year=2025,百瑞精鼎(Parexel) 2025職涯發展徵才說明會,https://my.ntu.edu.tw/actregister/sessionList.aspx?actID=2025C100_01
https://my.ntu.edu.tw/actregister/expiredActionList.aspx?year=2025,原「繪」覺醒－日治時期繪葉書原件導覽,https://my.ntu.edu.tw/actregister/sessionList.aspx?actID=20251907_02
https://my.ntu.edu.tw/actregister/expiredActionList.aspx?year=2025,外教中心 SDGs 紀錄片講座 🌍,https://my.ntu.edu.tw/actregister/sessionList.aspx?actID=20255161_03
https://my.ntu.edu.tw/actregister/expiredActionList.aspx?year=2025,⭐️【社科院第七屆-學生生涯職涯系列講座】~歡迎各院系所之學生報名參加~⭐️,https://my.ntu.edu.tw/actregister/sessionList.aspx?actID=20255300_01
https://my.ntu.edu.tw/actregister/expiredActionList.aspx?year=2025,(報名名額更新)臺大椰林講座創智系列 - AMD董事長暨執行長蘇姿丰博士,https://my.ntu.edu.tw/actregister/sessionList.aspx?actID=20253700_04
https://my.ntu.edu.tw/actregister/expiredActionList.aspx?year=2025,▟ ▛ 2025「跨領域實習 - 臺灣引路人計畫」企業說明會 (4月份) ▜ ▙,https://my.ntu.edu.tw/actregister/sessionList.aspx?actID=20251304_05
https://my.ntu.edu.tw/actregister/expiredActionList.aspx?year=2025,資通安全概論,https://my.ntu.edu.tw/actregister/sessionList.aspx?actID=20252204_02
https://my.ntu.edu.tw/actregister/expiredActionList.aspx?year=2025,No.275文學院音樂會：民間文學與音樂 — 風中燈牽亡歌團 ( 講座音樂會),https://my.ntu.edu.tw/actregister/sessionList.aspx?actID=20255133_01
https://my.ntu.edu.tw/actregister/expiredActionList.aspx?year=2025,114年度本校同仁性騷擾防治宣導教育訓練,https://my.ntu.edu.tw/actregister/sessionList.aspx?actID=20252102_01
https://my.ntu.edu.tw/actregister/expiredActionList.aspx?year=2025,114年度第三週期校務評鑑說明會,https://my.ntu.edu.tw/actregister/sessionList.aspx?actID=20251200_01
https://my.ntu.edu.tw/actregister/expiredActionList.aspx?year=2025,職涯發展與探索,https://my.ntu.edu.tw/actregister/sessionList.aspx?actID=20255100_03
https://my.ntu.edu.tw/actregister/expiredActionList.aspx?year=2025,【2025 EMIntro系列工作坊】,https://my.ntu.edu.tw/actregister/sessionList.aspx?actID=2025M100_01
https://my.ntu.edu.tw/actregister/expiredActionList.aspx?year=2025,採購契約保險規定,https://my.ntu.edu.tw/actregister/sessionList.aspx?actID=20251406_01
https://my.ntu.edu.tw/actregister/expiredActionList.aspx?year=2025,113學年度校園馬拉松賽,https://my.ntu.edu.tw/actregister/sessionList.aspx?actID=20253704_01
https://my.ntu.edu.tw/actregister/expiredActionList.aspx?year=2025,⭐️2025研究生精進計畫⭐️,https://my.ntu.edu.tw/actregister/sessionList.aspx?actID=20251211_01
https://my.ntu.edu.tw/actregister/expiredActionList.aspx?year=2025,114/3/26、27 『基本救命術BLS』訓練,https://my.ntu.edu.tw/actregister/sessionList.aspx?actID=20251325_01
https://my.ntu.edu.tw/actregister/expiredActionList.aspx?year=2025,2025職業衛生講座(一)：板機指與上肢肌肉骨骼疾病：預防與職業健康管理策略 線上講座,https://my.ntu.edu.tw/actregister/sessionList.aspx?actID=20252400_01
https://my.ntu.edu.tw/actregister/expiredActionList.aspx?year=2025,113-2 學務處校園安全中心X校園霸凌防制委員會心理健康促進系列活動（學生場次）,https://my.ntu.edu.tw/actregister/sessionList.aspx?actID=2025N100_01
https://my.ntu.edu.tw/actregister/expiredActionList.aspx?year=2025,【CARDO】113-2 職涯啟航,https://my.ntu.edu.tw/actregister/sessionList.aspx?actID=20255791_01
https://my.ntu.edu.tw/actregister/expiredActionList.aspx?year=2025,心理季講座《春‧睡飽好心情》113-2心輔中心心理健康促進講座,https://my.ntu.edu.tw/actregister/sessionList.aspx?actID=20251324_02
https://my.ntu.edu.tw/actregister/expiredActionList.aspx?year=2025,【VISION 2025臺大校園徵才】 公司參訪系列,https://my.ntu.edu.tw/actregister/sessionList.aspx?actID=20251304_02
https://my.ntu.edu.tw/actregister/expiredActionList.aspx?year=2025,114年3月24日(一)18:00-19:00「認識肺結核」衛教講座,https://my.ntu.edu.tw/actregister/sessionList.aspx?actID=20251325_06
https://my.ntu.edu.tw/actregister/expiredActionList.aspx?year=2025,114年3月20日(W四)12:10-14:00「牙齒保健」衛教講座,https://my.ntu.edu.tw/actregister/sessionList.aspx?actID=20251325_05
https://my.ntu.edu.tw/actregister/expiredActionList.aspx?year=2025,「114年度第一次學生交通安全宣導」(暨鐵馬週自行車『免費』健檢活動)《宣導當日提供餐盒》,https://my.ntu.edu.tw/actregister/sessionList.aspx?actID=20251303_01
https://my.ntu.edu.tw/actregister/expiredActionList.aspx?year=2025,杜鵑花節系列導覽活動-生態導覽,https://my.ntu.edu.tw/actregister/sessionList.aspx?actID=20251100_02
https://my.ntu.edu.tw/actregister/expiredActionList.aspx?year=2025,【2024 Openbook好書獎】年度好書線上導讀講座,https://my.ntu.edu.tw/actregister/sessionList.aspx?actID=20251907_01
https://my.ntu.edu.tw/actregister/expiredActionList.aspx?year=2025,AI 助攻，乘風扶搖九萬里,https://my.ntu.edu.tw/actregister/sessionList.aspx?actID=20251260_01
https://my.ntu.edu.tw/actregister/expiredActionList.aspx?year=2025,「公文系統操作宣導」線上及實體課程,https://my.ntu.edu.tw/actregister/sessionList.aspx?actID=20251401_01
https://my.ntu.edu.tw/actregister/expiredActionList.aspx?year=2025,【CARDO】113-2 TIP企業實習計畫說明會,https://my.ntu.edu.tw/actregister/sessionList.aspx?actID=20245791_10
https://my.ntu.edu.tw/actregister/expiredActionList.aspx?year=2025,"Writing Together, Stronger than Ever !",https://my.ntu.edu.tw/actregister/sessionList.aspx?actID=20251260_02
https://my.ntu.edu.tw/actregister/expiredActionList.aspx?year=2025,No. 274 文學院音樂會 「聽見文學 • 看見阿卡」,https://my.ntu.edu.tw/actregister/sessionList.aspx?actID=20255100_02
https://my.ntu.edu.tw/actregister/expiredActionList.aspx?year=2025,【CARDO】113-2 TCP學員招募說明會暨基礎課程,https://my.ntu.edu.tw/actregister/sessionList.aspx?actID=20245791_09
https://my.ntu.edu.tw/actregister/expiredActionList.aspx?year=2025,【3月13日演講活動】“Modern Manchu Identity and the Evolution of the Chinese Nation”滿洲人的近代身分認同與“中華民族”的演變,https://my.ntu.edu.tw/actregister/sessionList.aspx?actID=2025M600_01
https://my.ntu.edu.tw/actregister/expiredActionList.aspx?year=2025,【共作文明新趨勢學術講座】—— 未來社會（二）：從演化角度看社會（大學）及科技（人工智慧）的發展（中央研究院廖俊智院長）,https://my.ntu.edu.tw/actregister/sessionList.aspx?actID=20255100_01
https://my.ntu.edu.tw/actregister/expiredActionList.aspx?year=2025,114年2月24日至5月29日「增肌減脂體重控制班」共7堂衛教講座及運動活動,https://my.ntu.edu.tw/actregister/sessionList.aspx?actID=20251325_07
https://my.ntu.edu.tw/actregister/expiredActionList.aspx?year=2025,【活動】旗開得勝!英語職場力工作坊,https://my.ntu.edu.tw/actregister/sessionList.aspx?actID=20241911_04
https://my.ntu.edu.tw/actregister/expiredActionList.aspx?year=2025,114年「防範惡意電子郵件社交工程攻擊」,https://my.ntu.edu.tw/actregister/sessionList.aspx?actID=20252204_01
https://my.ntu.edu.tw/actregister/expiredActionList.aspx?year=2025,杜鵑花節系列導覽活動-杜鵑花與水圳導覽，共2條路線,https://my.ntu.edu.tw/actregister/sessionList.aspx?actID=20251100_01
https://my.ntu.edu.tw/actregister/expiredActionList.aspx?year=2025,▟ ▛ 2025「跨領域實習 - 臺灣引路人計畫」企業說明會 (3月份) ▜ ▙,https://my.ntu.edu.tw/actregister/sessionList.aspx?actID=20251304_03
https://my.ntu.edu.tw/actregister/expiredActionList.aspx?year=2025,113-2 FLTC 英語小聚,https://my.ntu.edu.tw/actregister/sessionList.aspx?actID=20255161_01
https://my.ntu.edu.tw/actregister/expiredActionList.aspx?year=2025,【VISION 2025臺大校園徵才】公司說明會系列,https://my.ntu.edu.tw/actregister/sessionList.aspx?actID=20251304_01
https://my.ntu.edu.tw/actregister/expiredActionList.aspx?year=2025,僑陸生輔導知能研習講座 Overseas Chinese and Mainland Chinese Student Service Intelligence Workshop,https://my.ntu.edu.tw/actregister/sessionList.aspx?actID=20251305_01
https://my.ntu.edu.tw/actregister/expiredActionList.aspx?year=2025,【CARDO】113-2 職涯講堂,https://my.ntu.edu.tw/actregister/sessionList.aspx?actID=20245791_11
https://my.ntu.edu.tw/actregister/expiredActionList.aspx?year=2025,【活動】英語輕鬆說 NTU Conversation Workshop,https://my.ntu.edu.tw/actregister/sessionList.aspx?actID=20251911_01
https://my.ntu.edu.tw/actregister/expiredActionList.aspx?year=2025,防火管理人初、複訓講習,https://my.ntu.edu.tw/actregister/sessionList.aspx?actID=20242102_09
https://my.ntu.edu.tw/actregister/expiredActionList.aspx?year=2025,臺大椰林講座創智系列 - 國巨集團創辦人陳泰銘董事長,https://my.ntu.edu.tw/actregister/sessionList.aspx?actID=20253700_01
https://my.ntu.edu.tw/actregister/expiredActionList.aspx?year=2025,114年3月5日(w三)18:30-19:30「新型菸品的危害與防治」(含一氧化碳檢測)衛教講座,https://my.ntu.edu.tw/actregister/sessionList.aspx?actID=20251325_04
https://my.ntu.edu.tw/actregister/expiredActionList.aspx?year=2025,114年度研究倫理專題講座、申請研究倫理審查工作坊,https://my.ntu.edu.tw/actregister/sessionList.aspx?actID=20251508_01
https://my.ntu.edu.tw/actregister/expiredActionList.aspx?year=2025,【CARDO】113-2 職業工坊,https://my.ntu.edu.tw/actregister/sessionList.aspx?actID=20245791_12
https://my.ntu.edu.tw/actregister/expiredActionList.aspx?year=2025,【高峰論壇系列十三】反思新自由主義〈第二場〉「和平與新自由主義」,https://my.ntu.edu.tw/actregister/sessionList.aspx?actID=2025B100_01
https://my.ntu.edu.tw/actregister/expiredActionList.aspx?year=2025,113-2 外語教學暨資源中心 「趣玩桌遊」(Board Game Fun),https://my.ntu.edu.tw/actregister/sessionList.aspx?actID=20255161_02
https://my.ntu.edu.tw/actregister/expiredActionList.aspx?year=2025,圖書館HELP講堂「HELP導航，解鎖知識之門」(113學年度下學期),https://my.ntu.edu.tw/actregister/sessionList.aspx?actID=20241923_05
https://my.ntu.edu.tw/actregister/expiredActionList.aspx?year=2025,114年2月21日（五）中午12:10~13:20眭澔平博士專題演講,https://my.ntu.edu.tw/actregister/sessionList.aspx?actID=2025E500_01
https://my.ntu.edu.tw/actregister/expiredActionList.aspx?year=2025,【學輔活動】文學院專屬「職涯日 Career Day」，2/19、2/26、3/5 三場晚間演講聽到飽！！,https://my.ntu.edu.tw/actregister/sessionList.aspx?actID=20251326_01
https://my.ntu.edu.tw/actregister/expiredActionList.aspx?year=2025,【活動】臺大社會科學院教師著作系列特展講座,https://my.ntu.edu.tw/actregister/sessionList.aspx?actID=20251911_02
https://my.ntu.edu.tw/actregister/expiredActionList.aspx?year=2025,2025 台大經濟系 AI 創造工作坊,https://my.ntu.edu.tw/actregister/sessionList.aspx?actID=20245303_01
https://my.ntu.edu.tw/actregister/expiredActionList.aspx?year=2025,錢故校長思亮先生117歲誕辰紀念學術演講 - 臨床醫學所陳培哲教授(中研院院士),https://my.ntu.edu.tw/actregister/sessionList.aspx?actID=20241100_05
https://my.ntu.edu.tw/actregister/expiredActionList.aspx?year=2025,國際事務人員培訓_國際禮儀知能工作坊 International Affairs Staff Training_International Etiquette Workshop,https://my.ntu.edu.tw/actregister/sessionList.aspx?actID=20241700_07
https://my.ntu.edu.tw/actregister/expiredActionList.aspx?year=2025,114年「防範惡意電子郵件社交工程攻擊」,https://my.ntu.edu.tw/actregister/sessionList.aspx?actID=20242204_06
https://my.ntu.edu.tw/actregister/expiredActionList.aspx?year=2025,「資通盤點系統」改版教育訓練,https://my.ntu.edu.tw/actregister/sessionList.aspx?actID=20242201_03
https://my.ntu.edu.tw/actregister/expiredActionList.aspx?year=2025,(場地異動) 113-1【學術倫理講座 Academic Ethics Lecture】,https://my.ntu.edu.tw/actregister/sessionList.aspx?actID=20243700_13
https://my.ntu.edu.tw/actregister/expiredActionList.aspx?year=2025,國際事務人員培訓_國際學生及學人行政支援知能工作坊 International Affairs Staff Training_International Student and Scholar Services Workshop,https://my.ntu.edu.tw/actregister/sessionList.aspx?actID=20241700_06
